{
  "id": "d0836729-252f-4ba1-8463-8657e11e9cfe",
  "prevId": "03618059-ba05-47dd-a694-752f0206dbd4",
  "version": "7",
  "dialect": "postgresql",
  "tables": {
    "public.licenses": {
      "name": "licenses",
      "schema": "",
      "columns": {
        "id": {
          "name": "id",
          "type": "serial",
          "primaryKey": true,
          "notNull": true
        },
        "key": {
          "name": "key",
          "type": "text",
          "primaryKey": false,
          "notNull": true
        },
        "client_name": {
          "name": "client_name",
          "type": "text",
          "primaryKey": false,
          "notNull": true
        },
        "email": {
          "name": "email",
          "type": "text",
          "primaryKey": false,
          "notNull": false
        },
        "discord_id": {
          "name": "discord_id",
          "type": "text",
          "primaryKey": false,
          "notNull": false
        },
        "description": {
          "name": "description",
          "type": "text",
          "primaryKey": false,
          "notNull": false
        },
        "is_active": {
          "name": "is_active",
          "type": "boolean",
          "primaryKey": false,
          "notNull": true,
          "default": true
        },
        "expires_at": {
          "name": "expires_at",
          "type": "timestamp",
          "primaryKey": false,
          "notNull": false
        },
        "created_at": {
          "name": "created_at",
          "type": "timestamp",
          "primaryKey": false,
          "notNull": true,
          "default": "now()"
        },
        "last_checked_at": {
          "name": "last_checked_at",
          "type": "timestamp",
          "primaryKey": false,
          "notNull": false
        }
      },
      "indexes": {},
      "foreignKeys": {},
      "compositePrimaryKeys": {},
      "uniqueConstraints": {
        "licenses_key_unique": {
          "name": "licenses_key_unique",
          "nullsNotDistinct": false,
          "columns": [
            "key"
          ]
        }
      },
      "policies": {},
      "checkConstraints": {},
      "isRLSEnabled": false
    },
    "public.settings": {
      "name": "settings",
      "schema": "",
      "columns": {
        "id": {
          "name": "id",
          "type": "serial",
          "primaryKey": true,
          "notNull": true
        },
        "discord_token": {
          "name": "discord_token",
          "type": "text",
          "primaryKey": false,
          "notNull": false
        },
        "discord_admin_id": {
          "name": "discord_admin_id",
          "type": "text",
          "primaryKey": false,
          "notNull": false
        },
        "discord_logs_channel_id": {
          "name": "discord_logs_channel_id",
          "type": "text",
          "primaryKey": false,
          "notNull": false
        },
        "discord_update_channel_id": {
          "name": "discord_update_channel_id",
          "type": "text",
          "primaryKey": false,
          "notNull": false
        },
        "smtp_host": {
          "name": "smtp_host",
          "type": "text",
          "primaryKey": false,
          "notNull": false
        },
        "smtp_port": {
          "name": "smtp_port",
          "type": "serial",
          "primaryKey": false,
          "notNull": true
        },
        "smtp_user": {
          "name": "smtp_user",
          "type": "text",
          "primaryKey": false,
          "notNull": false
        },
        "smtp_password": {
          "name": "smtp_password",
          "type": "text",
          "primaryKey": false,
          "notNull": false
        },
        "smtp_from": {
          "name": "smtp_from",
          "type": "text",
          "primaryKey": false,
          "notNull": false
        },
        "license_email_template": {
          "name": "license_email_template",
          "type": "text",
          "primaryKey": false,
          "notNull": false
        }
      },
      "indexes": {},
      "foreignKeys": {},
      "compositePrimaryKeys": {},
      "uniqueConstraints": {},
      "policies": {},
      "checkConstraints": {},
      "isRLSEnabled": false
    }
  },
  "enums": {},
  "schemas": {},
  "sequences": {},
  "roles": {},
  "policies": {},
  "views": {},
  "_meta": {
    "columns": {},
    "schemas": {},
    "tables": {}
  }
}